Workbook

Sheet REALISASI SMB 2026
A1: CAPAIAN REALISASI PENERIMAAN
A2: BERDASARKAN SUMBER DANA
A3: Periode : 1 JANUARI 2026 sd 09 Juli 2026
A4: TAHUN ANGGARAN 2026
A6: NO | B6: KETERANGAN SUMBER DANA | C6: REALISASI PENERIMAAN
A9: 1 | B9: DAK | C9: =SUMIF('Data Input'!$J$8:$J$10020,'REALISASI SMB 2026'!B9,'Data Input'!$H$8:$H$10020) -> 1394341140
A10: 2 | B10: Dana Transfer Umum-Dana Alokasi Umum | C10: =SUMIF('Data Input'!$J$8:$J$10020,'REALISASI SMB 2026'!B10,'Data Input'!$H$8:$H$10020) -> 733480937000
A11: 3 | B11: Dana Transfer Umum-Dana Bagi Hasil | C11: =SUMIF('Data Input'!$J$8:$J$10020,'REALISASI SMB 2026'!B11,'Data Input'!$H$8:$H$10020) -> 106068600800
A12: 4 | B12: DAU yang Ditentukan Penggunaannya Bidang Kesehatan | C12: =SUMIF('Data Input'!$J$8:$J$10020,'REALISASI SMB 2026'!B12,'Data Input'!$H$8:$H$10020) -> 0
A13: 5 | B13: DAU yang Ditentukan Penggunaannya Bidang Pendidikan | C13: =SUMIF('Data Input'!$J$8:$J$10020,'REALISASI SMB 2026'!B13,'Data Input'!$H$8:$H$10020) -> 0
A14: 6 | B14: DBH Cukai Hasil Tembakau (CHT) | C14: =SUMIF('Data Input'!$J$8:$J$10020,'REALISASI SMB 2026'!B14,'Data Input'!$H$8:$H$10020) -> 0
A15: 7 | B15: DBH Sawit | C15: =SUMIF('Data Input'!$J$8:$J$10020,'REALISASI SMB 2026'!B15,'Data Input'!$H$8:$H$10020) -> 723194000
A16: 8 | B16: DBH Sumber Daya Alam Kehutanan-Dana Reboisasi (DR) | C16: =SUMIF('Data Input'!$J$8:$J$10020,'REALISASI SMB 2026'!B16,'Data Input'!$H$8:$H$10020) -> 1557999600
A17: 9 | B17: Hibah | C17: =SUMIF('Data Input'!$J$8:$J$10020,'REALISASI SMB 2026'!B17,'Data Input'!$H$8:$H$10020) -> 537174283
A18: 10 | B18: Pajak Kendaraan Bermotor (PKB) | C18: =SUMIF('Data Input'!$J$8:$J$10020,'REALISASI SMB 2026'!B18,'Data Input'!$H$8:$H$10020) -> 108432807666
A19: 11 | B19: Pajak Rokok | C19: =SUMIF('Data Input'!$J$8:$J$10020,'REALISASI SMB 2026'!B19,'Data Input'!$H$8:$H$10020) -> 79272454607
A20: 12 | B20: PENDAPATAN ASLI DAERAH (PAD) | C20: =SUMIF('Data Input'!$J$8:$J$10020,'REALISASI SMB 2026'!B20,'Data Input'!$H$8:$H$10020) -> 7.738187e+11
... A22: 14 | B22: Pengembalian Belanja 2026 | C22: =SUMIF('Data Input'!$J$8:$J$10020,'REALISASI SMB 2026'!B22,'Data Input'!$H$8:$H$10020) -> 714971124
B23: JUMLAH | C23: =SUM(C9:C22) -> 1.8685036e+12

Sheet Data Input
B2: REKAPITULASI PENERIMAAN BULAN JANUARI 2026
B4: NO | C4: RC | D4: TANGGAL | F4: NO. BKU | G4: AYAT PENERIMAAN | H4: JUMLAH STS | I4: JUMLAH / TANGGAL | J4: SUMBER DANA
D5: RC | E5: BKU
B6: 1 | C6: 2 | D6: 3 | E6: 4 | F6: 5 | G6: 6 | H6: 7 | I6: 8 | J6: 9
G8: SALDO AWAL 2026 | H8: 6.2502377e+10 | I8: 6.2502377e+10 | J8: SILPA
B9: 1 | C9: 14-4 | D9: 46024 | E9: 46024 | F9: 1 | G9: TRF_INT Sikap_Pengembalian Jasa Giro Desember 2025 BPP Dinas ESDM | H9: 28178 | J9: PENDAPATAN ASLI DAERAH (PAD)
B10: 2 | C10: 14-4 | D10: 46024 | E10: 46024 | F10: 2 | G10: DAU, Bulan Januari Tahun 2026 Yang Tidak Ditentukan Penggunaannya | H10: 104782991000 | J10: Dana Transfer Umum-Dana Alokasi Umum
B11: 3 | C11: 26-7 | D11: 46024 | E11: 46024 | F11: 3 | G11: ATM_Elsa Trirahmani_Disbunnak Sewa Uji Lab | H11: 20900000 | J11: PENDAPATAN ASLI DAERAH (PAD)
B12: 4 | C12: 26-7 | D12: 46024 | E12: 46024 | F12: 4 | G12: Tunai Disdik Pengembalian Biaya Asuransi PKL SMKN 1 Batui Selatan TA 2025 | H12: 873600 | J12: PENDAPATAN ASLI DAERAH (PAD)
B13: 5 | C13: 26-7 | D13: 46024 | E13: 46024 | F13: 5 | G13: Dinas Cikasda II Sewa Kantin Desember 2025 | H13: 250000 | J13: PENDAPATAN ASLI DAERAH (PAD)
B14: 6 | C14: 26-7 | D14: 46024 | E14: 46024 | F14: 6 | G14: Dinas Cikasda Sewa Kantin Desember 2025 | H14: 250000 | J14: PENDAPATAN ASLI DAERAH (PAD)
B15: 7 | C15: 26-7 | D15: 46024 | E15: 46024 | F15: 7 | G15: Dinas Cikasda Sewa Rumdis Januari An. Jhony Kandow 2026 | H15: 280000 | J15: PENDAPATAN ASLI DAERAH (PAD)
B16: 8 | C16: 26-7 | D16: 46024 | E16: 46024 | F16: 8 | G16: Disnakertrans Sewa BMD Rumdis An. Suryani Yusuf Desember Tahun 2025 | H16: 320000 | J16: PENDAPATAN ASLI DAERAH (PAD)
B17: 9 | C17: 26-7 | D17: 46024 | E17: 46024 | F17: 9 | G17: Pelkes Labkes | H17: 6962000 | J17: PENDAPATAN ASLI DAERAH (PAD)
B18: 10 | C18: 26-7 | D18: 46024 | E18: 46024 | F18: 10 | G18: ATM_PT Tri Multi Daya_PBBKB | H18: 34927220 | J18: PENDAPATAN ASLI DAERAH (PAD)
B19: 11 | C19: 26-7 | D19: 46024 | E19: 46024 | F19: 11 | G19: Dikbud UPT Museum Sewa Gedung (Karcis) (Qris) | H19: 30000 | J19: PENDAPATAN ASLI DAERAH (PAD)
B20: 12 | C20: 12-1 | D20: 46024 | E20: 46024 | F20: 12 | G20: PKB | H20: 332974478 | J20: Pajak Kendaraan Bermotor (PKB)
... B23: 15 | C23: 60-0 | D23: 46024 | E23: 46024 | F23: 15 | G23: PKB | H23: 29594047 | J23: Pajak Kendaraan Bermotor (PKB)
B24: 16 | C24: 60-0 | D24: 46024 | E24: 46024 | F24: 16 | G24: Denda PKB | H24: 126830 | I24: =SUM(H9:H24) -> 105218316452 | J24: PENDAPATAN ASLI DAERAH (PAD)
B25: 17 | C25: 26-7 | D25: 46026 | E25: 46027 | F25: 17 | G25: ATM_Ananda Firman_PBBKB | H25: 32088623 | J25: PENDAPATAN ASLI DAERAH (PAD)
B26: 18 | C26: 12-1 | D26: 46025 | E26: 46027 | F26: 18 | G26: PKB | H26: 150894704 | J26: Pajak Kendaraan Bermotor (PKB)
B27: 19 | C27: 12-1 | D27: 46025 | E27: 46027 | F27: 19 | G27: BBNKB | H27: 11424000 | J27: PENDAPATAN ASLI DAERAH (PAD)
B28: 20 | C28: 12-1 | D28: 46025 | E28: 46027 | F28: 20 | G28: Denda PKB | H28: 2132854 | J28: PENDAPATAN ASLI DAERAH (PAD)
B29: 21 | C29: 60-0 | D29: 46025 | E29: 46027 | F29: 21 | G29: PKB | H29: 19953037 | J29: Pajak Kendaraan Bermotor (PKB)
B30: 22 | C30: 60-0 | D30: 46025 | E30: 46027 | F30: 22 | G30: Denda PKB | H30: 177625 | J30: PENDAPATAN ASLI DAERAH (PAD)
B31: 23 | C31: 14-4 | D31: 46027 | E31: 46027 | F31: 23 | G31: Jasa Giro Agustus 2025 BPP Bid. KPP Dispang | H31: 1888 | J31: PENDAPATAN ASLI DAERAH (PAD)
B32: 24 | C32: 14-4 | D32: 46027 | E32: 46027 | F32: 24 | G32: Jasa Giro Agustus sd Desember 2025 BPP Bid. DCPM Dispang | H32: 4424 | J32: PENDAPATAN ASLI DAERAH (PAD)
B33: 25 | C33: 26-7 | D33: 46027 | E33: 46027 | F33: 25 | G33: Tunai Disdik An. Musnaeni Budu Pengembalian Uang Akomodasi / Kontrakan Dana PKL SMKN 1 Petasia TA 2025 | H33: 91100000 | J33: PENDAPATAN ASLI DAERAH (PAD)
B34: 26 | C34: 26-7 | D34: 46027 | E34: 46027 | F34: 26 | G34: Tunai Disdik Set Pengembalian By Seragam, APD, dan Makan Minum/Catering Dana PKL SMKN 1 Petasia Ta.2025 | H34: 2268.81 | J34: PENDAPATAN ASLI DAERAH (PAD)
B35: 27 | C35: 26-7 | D35: 46027 | E35: 46027 | F35: 27 | G35: ATM_Titi Sulpiani_Disdik Cabdis Wil III Pengembalian Tunjangan Fungsional Agustus sd November An. Mohammad A Yusuf TA 2025 | H35: 1556000 | J35: PENDAPATAN ASLI DAERAH (PAD)
B36: 28 | C36: 26-7 | D36: 46027 | E36: 46027 | F36: 28 | G36: Disbunnak Sewa Uji Lab | H36: 4415000 | J36: PENDAPATAN ASLI DAERAH (PAD)
... B64: 56 | C64: 12-1 | D64: 46027 | E64: 46027 | F64: 56 | G64: PAP | H64: 142722846 | J64: PENDAPATAN ASLI DAERAH (PAD)
B65: 57 | C65: 12-1 | D65: 46027 | E65: 46027 | F65: 57A | G65: Pajak Alat Berat | H65: 123586400 | J65: PENDAPATAN ASLI DAERAH (PAD)
C66: 12-1 | D66: 46027 | E66: 46027 | F66: 57B | G66: Denda Pajak Alat Berat | H66: 614500 | J66: PENDAPATAN ASLI DAERAH (PAD)
B67: 58 | C67: 12-1 | D67: 46027 | E67: 46027 | F67: 58 | G67: Denda PKB | H67: 13906161 | J67: PENDAPATAN ASLI DAERAH (PAD)
B68: 59 | C68: 12-1 | D68: 46027 | E68: 46027 | F68: 59 | G68: Denda BBNKB | H68: 880992 | J68: PENDAPATAN ASLI DAERAH (PAD)
B69: 60 | C69: 29-9 | D69: 46027 | E69: 46027 | F69: 60 | G69: Opsen Pajak MBLB | H69: 920475 | J69: PENDAPATAN ASLI DAERAH (PAD)
B70: 61 | C70: 60-0 | D70: 46027 | E70: 46027 | F70: 61 | G70: PKB | H70: 67047035 | J70: Pajak Kendaraan Bermotor (PKB)
B71: 62 | C71: 60-0 | D71: 46027 | E71: 46027 | F71: 62 | G71: Denda PKB | H71: 1987784 | I71: =SUM(H25:H71) -> 1.6020044e+09 | J71: PENDAPATAN ASLI DAERAH (PAD)
B72: 63 | C72: 26-7 | D72: 46028 | E72: 46028 | F72: 63 | G72: Tunai Dinas Perkimtan Kekurangan Volume Pekerjaan Jalan Lingkungan Kel. Birobuli Selatan Kec. Palu Selatan Oleh CV. Ammarco TA 2024 (Temuan BPK) | H72: 78460848 | J72: PENDAPATAN ASLI DAERAH (PAD)
B73: 64 | C73: 26-7 | D73: 46028 | E73: 46028 | F73: 64 | G73: Tunai Disdik Pengembalian Biaya Asuransi Dana PKL SMKN Peling Tengah TA 2025 | H73: 1920000 | J73: PENDAPATAN ASLI DAERAH (PAD)
B74: 65 | C74: 26-7 | D74: 46028 | E74: 46028 | F74: 65 | G74: Disbunnak Sewa Uji Lab | H74: 825000 | J74: PENDAPATAN ASLI DAERAH (PAD)
B75: 66 | C75: 26-7 | D75: 46028 | E75: 46028 | F75: 66 | G75: Tunai Disdik An. Bernart Taangga Pengembalian Biaya Asuransi Dana PKL SMKN 1 Petasia Barat TA 2025 | H75: 1425000 | J75: PENDAPATAN ASLI DAERAH (PAD)
B76: 67 | C76: 26-7 | D76: 46028 | E76: 46028 | F76: 67 | G76: BRINIDJA PBBKB Ptraja | H76: 54206250 | J76: PENDAPATAN ASLI DAERAH (PAD)
B77: 68 | C77: 26-7 | D77: 46028 | E77: 46028 | F77: 68 | G77: Tunai Dinas Bina Marga Pengembalian Uang Hotel An. Adhika Kurniawan dan Neta Juslin Hayati Bungge di Belanja Jasa Konsultansi Lainnya TA 2025 | H77: 600000 | J77: PENDAPATAN ASLI DAERAH (PAD)
B78: 69 | C78: 26-7 | D78: 46028 | E78: 46028 | F78: 69 | G78: Tunai Disdik Pengembalian Biaya Asuransi Dana PKL SMKN 1 Bokat TA 2025 | H78: 134400 | J78: PENDAPATAN ASLI DAERAH (PAD)
B79: 70 | C79: 26-7 | D79: 46028 | E79: 46028 | F79: 70A | G79: Dinas Bina Marga Sewa Uji Lab (Qris) | H79: 100000 | J79: PENDAPATAN ASLI DAERAH (PAD)
C80: 26-7 | D80: 46028 | E80: 46028 | F80: 70B | G80: Dinas Bina Marga Sewa Uji Lab (Qris) | H80: 1290000 | J80: PENDAPATAN ASLI DAERAH (PAD)
C81: 26-7 | D81: 46028 | E81: 46028 | F81: 70C | G81: Dinas Bina Marga Sewa Uji Lab (Qris) | H81: 1255000 | J81: PENDAPATAN ASLI DAERAH (PAD)
C82: 26-7 | D82: 46028 | E82: 46028 | F82: 70D | G82: Dinas Bina Marga Sewa Uji Lab (Qris) | H82: 300000 | J82: PENDAPATAN ASLI DAERAH (PAD)
C83: 26-7 | D83: 46028 | E83: 46028 | F83: 70E | G83: Dinas Bina Marga Sewa Uji Lab (Qris) | H83: 2709000 | J83: PENDAPATAN ASLI DAERAH (PAD)
B84: 71 | C84: 26-7 | D84: 46028 | E84: 46028 | F84: 71A | G84: Dislautkan Retribusi Penjualan Produksi Usaha (Qris) | H84: 3000000 | J84: PENDAPATAN ASLI DAERAH (PAD)
C85: 26-7 | D85: 46028 | E85: 46028 | F85: 71B | G85: Dislautkan Retribusi Pelayanan Jasa Kepelabuhanan (Qris) | H85: 1884000 | J85: PENDAPATAN ASLI DAERAH (PAD)
B86: 72 | C86: 26-7 | D86: 46028 | E86: 46028 | F86: 72 | G86: Pelkes Labkes EDC Qris | H86: 1205000 | J86: PENDAPATAN ASLI DAERAH (PAD)
B87: 73 | C87: 26-7 | D87: 46028 | E87: 46028 | F87: 73A | G87: Dinas Bina Marga Sewa Uji Lab (Debit) | H87: 1080000 | J87: PENDAPATAN ASLI DAERAH (PAD)
C88: 26-7 | D88: 46028 | E88: 46028 | F88: 73B | G88: Dinas Bina Marga Sewa Uji Lab (Debit) | H88: 200000 | J88: PENDAPATAN ASLI DAERAH (PAD)
B89: 74 | C89: 26-7 | D89: 46028 | E89: 46028 | F89: 74 | G89: ATM_Rafzan Sunusi_Disbunnak Sewa Uji Lab | H89: 1425000 | J89: PENDAPATAN ASLI DAERAH (PAD)
B90: 75 | C90: 26-7 | D90: 46028 | E90: 46028 | F90: 75 | G90: Disbunnak Sewa Uji Lab (Qris) | H90: 1662500 | J90: PENDAPATAN ASLI DAERAH (PAD)
B91: 76 | C91: 26-7 | D91: 46028 | E91: 46028 | F91: 76 | G91: Dikbud UPT Museum Sewa Gedung (Karcis) (Qris) | H91: 110000 | J91: PENDAPATAN ASLI DAERAH (PAD)
B92: 77 | C92: 26-7 | D92: 46028 | E92: 46028 | F92: 77 | G92: Pelkes Labkes | H92: 6661000 | J92: PENDAPATAN ASLI DAERAH (PAD)
B93: 78 | C93: 14-4 | D93: 46028 | E93: 46028 | F93: 78 | G93: TRF_INT Sikap_Pengembalian Jasa Giro UPT PSMKP Dinas Pangan | H93: 20315 | J93: PENDAPATAN ASLI DAERAH (PAD)
B94: 79 | C94: 12-1 | D94: 46028 | E94: 46028 | F94: 79 | G94: PKB | H94: 698315244 | J94: Pajak Kendaraan Bermotor (PKB)
B95: 80 | C95: 12-1 | D95: 46028 | E95: 46028 | F95: 80 | G95: BBNKB | H95: 68325600 | J95: PENDAPATAN ASLI DAERAH (PAD)
B96: 81 | C96: 12-1 | D96: 46028 | E96: 46028 | F96: 81 | G96: Denda PKB | H96: 20025812 | J96: PENDAPATAN ASLI DAERAH (PAD)
B97: 82 | C97: 12-1 | D97: 46028 | E97: 46028 | F97: 82 | G97: Denda BBNKB | H97: 383544 | J97: PENDAPATAN ASLI DAERAH (PAD)
B98: 83 | C98: 29-9 | D98: 46028 | E98: 46028 | F98: 83 | G98: Opsen Pajak MBLB | H98: 746939 | J98: PENDAPATAN ASLI DAERAH (PAD)
B99: 84 | C99: 60-0 | D99: 46028 | E99: 46028 | F99: 84 | G99: PKB | H99: 84556930 | J99: Pajak Kendaraan Bermotor (PKB)
B100: 85 | C100: 60-0 | D100: 46028 | E100: 46028 | F100: 85 | G100: Denda PKB | H100: 1302262 | I100: =SUM(H72:H100) -> 1.0341296e+09 | J100: PENDAPATAN ASLI DAERAH (PAD)
B101: 86 | C101: 26-7 | D101: 46029 | E101: 46029 | F101: 86 | G101: ATM_Rafzan Sunusi_Disbunnak Sewa Uji Lab | H101: 1665000 | J101: PENDAPATAN ASLI DAERAH (PAD)
B102: 87 | C102: 26-7 | D102: 46029 | E102: 46029 | F102: 87 | G102: Disbunnak Sewa Uji Lab | H102: 510000 | J102: PENDAPATAN ASLI DAERAH (PAD)
B103: 88 | C103: 26-7 | D103: 46029 | E103: 46029 | F103: 88 | G103: Tunai Disdik Pengembalian Biaya Asuransi PKL SMKN 1 Banggai TA 2025 | H103: 9870400 | J103: PENDAPATAN ASLI DAERAH (PAD)
B104: 89 | C104: 26-7 | D104: 46029 | E104: 46029 | F104: 89 | G104: Tunai Dinas Cikasda Pembayaran Pemotongan Remunerasi Tenaga Ahli dan Tenaga Penunjang Paket Pek. Jasa Konsultansi Supervisi Pembangunan Tangki Septik Kab. Morowali TA 2025 | H104: 9911760 | J104: PENDAPATAN ASLI DAERAH (PAD)
B105: 90 | C105: 26-7 | D105: 46029 | E105: 46029 | F105: 90 | G105: Pelkes Labkes | H105: 3688000 | J105: PENDAPATAN ASLI DAERAH (PAD)
B106: 91 | C106: 26-7 | D106: 46029 | E106: 46029 | F106: 91 | G106: BRINIDJA Dapem Sulteng (PT. Taspen Asuransi) | H106: 60309462 | J106: PENDAPATAN ASLI DAERAH (PAD)
B107: 92 | C107: 26-7 | D107: 46029 | E107: 46029 | F107: 92 | G107: Disbunnak Sewa Uji Lab (Qris) | H107: 14505000 | J107: PENDAPATAN ASLI DAERAH (PAD)
B108: 93 | C108: 26-7 | D108: 46029 | E108: 46029 | F108: 93 | G108: Dikbud UPT Museum Sewa Gedung (Karcis) (Qris) | H108: 20000 | J108: PENDAPATAN ASLI DAERAH (PAD)
B109: 94 | C109: 26-7 | D109: 46029 | E109: 46029 | F109: 94 | G109: Dinas Pangan UPT PSMKP Sewa Uji Lab (Qris) | H109: 250000 | J109: PENDAPATAN ASLI DAERAH (PAD)
B110: 95 | C110: 26-7 | D110: 46029 | E110: 46029 | F110: 95A | G110: Dinas Bina Marga Sewa Uji Lab (Qris) | H110: 1385000 | J110: PENDAPATAN ASLI DAERAH (PAD)
C111: 26-7 | D111: 46029 | E111: 46029 | F111: 95B | G111: Dinas Bina Marga Sewa Uji Lab (Qris) | H111: 300000 | J111: PENDAPATAN ASLI DAERAH (PAD)
C112: 26-7 | D112: 46029 | E112: 46029 | F112: 95C | G112: Dinas Bina Marga Sewa Uji Lab (Qris) | H112: 875000 | J112: PENDAPATAN ASLI DAERAH (PAD)
C113: 26-7 | D113: 46029 | E113: 46029 | F113: 95D | G113: Dinas Bina Marga Sewa Uji Lab (Qris) | H113: 4240000 | J113: PENDAPATAN ASLI DAERAH (PAD)
B114: 96 | C114: 26-7 | D114: 46029 | E114: 46029 | F114: 96 | G114: Pelkes Labkes EDC Qris | H114: 3855000 | J114: PENDAPATAN ASLI DAERAH (PAD)
B115: 97 | C115: 26-7 | D115: 46029 | E115: 46029 | F115: 97 | G115: Pelkes Labkes EDC Debit | H115: 2296000 | J115: PENDAPATAN ASLI DAERAH (PAD)
B116: 98 | C116: 14-4 | D116: 46029 | E116: 46029 | F116: 98 | G116: Jasa Giro BPP Bidang Ketersediaan & Kerawanan Pangan November dan Desember TA 2025 | H116: 7014 | J116: PENDAPATAN ASLI DAERAH (PAD)
B117: 99 | C117: 12-1 | D117: 46029 | E117: 46029 | F117: 99 | G117: PKB | H117: 697002727 | J117: Pajak Kendaraan Bermotor (PKB)
B118: 100 | C118: 12-1 | D118: 46029 | E118: 46029 | F118: 100 | G118: BBNKB | H118: 174468000 | J118: PENDAPATAN ASLI DAERAH (PAD)
B119: 101 | C119: 12-1 | D119: 46029 | E119: 46029 | F119: 101 | G119: PAP | H119: 78959088 | J119: PENDAPATAN ASLI DAERAH (PAD)
B120: 102 | C120: 12-1 | D120: 46029 | E120: 46029 | F120: 102 | G120: Denda PKB | H120: 14045557 | J120: PENDAPATAN ASLI DAERAH (PAD)
B121: 103 | C121: 12-1 | D121: 46029 | E121: 46029 | F121: 103 | G121: Denda BBNKB | H121: 71904 | J121: PENDAPATAN ASLI DAERAH (PAD)
B122: 104 | C122: 29-9 | D122: 46029 | E122: 46029 | F122: 104 | G122: Opsen Pajak MBLB | H122: 22167625 | J122: PENDAPATAN ASLI DAERAH (PAD)
B123: 105 | C123: 60-0 | D123: 46029 | E123: 46029 | F123: 105 | G123: PKB | H123: 71356455 | J123: Pajak Kendaraan Bermotor (PKB)
B124: 106 | C124: 60-0 | D124: 46029 | E124: 46029 | F124: 106 | G124: Denda PKB | H124: 1996859 | I124: =SUM(H101:H124) -> 1173755851 | J124: PENDAPATAN ASLI DAERAH (PAD)
B125: 107 | C125: 26-7 | D125: 46030 | E125: 46030 | F125: 107 | G125: Tunai Disdik Pengembalian Transport dan uang Harian Bimbingan Konseling DANA BOS SMAN 9 Palu (Temuan Itda) | H125: 11777000 | J125: PENDAPATAN ASLI DAERAH (PAD)
B126: 108 | C126: 26-7 | D126: 46030 | E126: 46030 | F126: 108 | G126: Disbunnak Sewa Uji Lab | H126: 340000 | J126: PENDAPATAN ASLI DAERAH (PAD)
B127: 109 | C127: 26-7 | D127: 46030 | E127: 46030 | F127: 109 | G127: Tunai Disdik Pengembalian Biaya Asuransi SMK Komputer Luwuk TA 2025 | H127: 980000 | J127: PENDAPATAN ASLI DAERAH (PAD)
B128: 110 | C128: 26-7 | D128: 46030 | E128: 46030 | F128: 110 | G128: Pelkes Labkes (Kek. Tgl 7 Jan 2026) | H128: 175000 | J128: PENDAPATAN ASLI DAERAH (PAD)
B129: 111 | C129: 26-7 | D129: 46030 | E129: 46030 | F129: 111A | G129: Dislautkan Retribusi Penjualan Produksi Usaha (Qris) | H129: 1700000 | J129: PENDAPATAN ASLI DAERAH (PAD)
C130: 26-7 | D130: 46030 | E130: 46030 | F130: 111B | G130: Dislautkan Retribusi Penyediaan Tempat Pelelangan (Qris) | H130: 3240000 | J130: PENDAPATAN ASLI DAERAH (PAD)
C131: 26-7 | D131: 46030 | E131: 46030 | F131: 111C | G131: Dislautkan Retribusi Pelayanan Jasa Kepelabuhanan (Qris) | H131: 1940000 | J131: PENDAPATAN ASLI DAERAH (PAD)
C132: 26-7 | D132: 46030 | E132: 46030 | F132: 111D | G132: Dislautkan Retribusi Penyediaan Tempat Khusus Parkir (Qris) | H132: 150000 | J132: PENDAPATAN ASLI DAERAH (PAD)
...
